grupo,codigo_ativo,data_referencia,data_vencimento,percentual_taxa,taxa_compra,taxa_venda,taxa_indicativa,desvio_padrao,val_min_intervalo,val_max_intervalo,pu,percent_pu_par,duration,percent_reune,emissor,referencia_ntnb
DI PERCENTUAL,AESL14,2017-10-20,2020-10-20,"114,5% do DI",110.75,108.25,109.4821,0.03,109.45,109.52,10092.552541,100.93,575.0,--,AES SUL DISTRIBUIDORA GAUCHA DE ENERGIA S/A (*) (**),
DI SPREAD,AGGU12,2017-10-20,2017-11-23,"DI + 1,40%",1.0325,0.9,0.9723,0.02,0.95,0.99,6819.835545,100.52,311.0,--,ÁGUAS GUARIROBA S/A (*) (**),
IPCA SPREAD,AGRU11,2017-10-20,2025-03-15,"IPCA + 7,86%",9.799,8.7671,9.1222,0.43,8.69,9.55,1208.000586,95.83,916.0,--,CONCESSIONÁRIA DO AEROPORTO INTERNACIONAL DE GUARULHOS S/A (#),2022-08-15
IPCA SPREAD,AGRU12,2017-10-20,2026-10-15,"IPCA + 6,4%",9.4533,8.2148,9.0008,0.28,8.72,9.28,1083.050424,88.93,1206.0,--,CONCESSIONÁRIA DO AEROPORTO INTERNACIONAL DE GUARULHOS S/A,2022-08-15
IPCA SPREAD,AGRU21,2017-10-20,2025-06-15,"IPCA + 7,86%",9.799,8.7671,9.1222,0.43,8.69,9.55,1181.932236,95.55,979.0,--,CONCESSIONÁRIA DO AEROPORTO INTERNACIONAL DE GUARULHOS S/A (#),2022-08-15
IPCA SPREAD,AGRU31,2017-10-20,2025-09-15,"IPCA + 7,86%",9.799,8.7671,9.1222,0.43,8.69,9.55,1155.991548,95.27,1043.0,--,CONCESSIONÁRIA DO AEROPORTO INTERNACIONAL DE GUARULHOS S/A (#),2022-08-15
IPCA SPREAD,AGRU41,2017-10-20,2025-12-15,"IPCA + 7,86%",9.799,8.7671,9.1222,0.43,8.69,9.55,1291.932174,95.57,973.0,--,CONCESSIONÁRIA DO AEROPORTO INTERNACIONAL DE GUARULHOS S/A (#),2022-08-15
IPCA SPREAD,ALGA15,2017-10-20,2022-05-15,"IPCA + 7,7325%",5.226,4.7773,4.9948,0.12,4.88,5.11,1177.024061,109.3,875.0,10%,ALGAR TELECOM S/A,2021-05-15
DI SPREAD,ALGA16,2017-10-20,2022-03-15,"DI + 1,4%",0.8111,0.7,0.7497,0.04,0.71,0.79,1030.421804,102.14,831.0,35%,ALGAR TELECOM S/A,
IPCA SPREAD,ALGA22,2017-10-20,2019-09-15,IPCA + 6%,3.8863,3.4983,3.6484,0.12,3.53,3.76,957.612535,103.12,345.0,--,ALGAR TELECOM S/A,2019-05-15
IPCA SPREAD,ALGA26,2017-10-20,2024-03-15,"IPCA + 6,8734%",5.5653,5.3166,5.431,0.08,5.35,5.51,1114.321403,106.85,1235.0,5%,ALGAR TELECOM S/A,2023-05-15
DI SPREAD,ALPA14,2017-10-20,2018-02-03,"DI + 1,45%",0.6112,0.2625,0.5317,0.14,0.4,0.67,3412.817049,100.26,72.0,--,ALUPAR INVESTIMENTO S/A,
DI SPREAD,AMPL18,2017-10-20,2019-07-07,"DI + 1,45%",1.6875,1.025,1.4263,0.05,1.38,1.47,6864.318252,100.03,283.0,--,AMPLA ENERGIA E SERVIÇOS S/A (*) (**),
IPCA SPREAD,AMPL26,2017-10-20,2018-06-15,"IPCA + 7,90%",5.9384,4.9893,5.1302,0.26,4.87,5.39,5108.430519,101.68,161.0,--,AMPLA ENERGIA E SERVIÇOS S/A (*),2018-08-15
IPCA SPREAD,AMPL27,2017-10-20,2019-06-15,IPCA + 6%,5.3426,4.819,5.1623,0.15,5.02,5.31,9595.834848,100.88,280.0,--,AMPLA ENERGIA E SERVIÇOS S/A (*) (**),2018-08-15
IPCA SPREAD,ANHB15,2017-10-20,2018-10-15,"IPCA + 4,88%",3.7415,3.2593,3.2859,0.23,3.06,3.52,1320.784526,101.48,242.0,--,CONCESSIONÁRIA DO SISTEMA ANHANGUERA-BANDEIRANTES S/A,2018-08-15
IPCA SPREAD,ANHB16,2017-10-20,2019-10-15,"IPCA + 5,4280%",3.8522,3.6176,3.6776,0.08,3.6,3.76,1257.470557,103.23,478.0,--,CONCESSIONÁRIA DO SISTEMA ANHANGUERA-BANDEIRANTES S/A,2019-05-15
IPCA SPREAD,ANHB18,2017-10-20,2022-07-15,"IPCA + 5,4705%",5.3557,4.9372,5.0087,0.16,4.84,5.17,1037.016195,101.85,1056.0,40%,CONCESSIONÁRIA DO SISTEMA ANHANGUERA-BANDEIRANTES S/A (*),2022-08-15
IPCA SPREAD,APAR16,2017-10-20,2021-04-15,"IPCA + 7,3273%",4.6218,4.1587,4.3477,0.13,4.22,4.47,1247.385486,107.96,687.0,--,ALUPAR INVESTIMENTO S/A,2020-08-15
DI SPREAD,AVIA14,2017-10-20,2018-09-10,"DI + 1,40%",0.95,0.614,0.7621,0.02,0.74,0.79,10141.85999,100.39,154.0,--,AUTOVIAS S/A,
IPCA SPREAD,BNDP36,2017-10-20,2019-05-15,"IPCA + 5,3999%",3.5414,3.2265,3.3904,0.09,3.3,3.48,1483.948204,102.92,377.0,--,BNDES PARTICIPAÇÕES S/A - BNDESPAR,2019-05-15
DI PERCENTUAL,BPAR16,2017-10-20,2018-07-06,"105,50% do DI",103.0312,102.0388,102.702,0.23,102.47,102.93,13419.257231,100.13,176.0,--,BRADESPAR S/A (*) (**),
IPCA SPREAD,BRML22,2017-10-20,2019-02-15,"IPCA + 6,40%",4.075,3.5864,3.8343,0.17,3.66,4.01,15103.256503,101.93,198.0,--,BR MALLS PARTICIPAÇÕES S/A,2018-08-15
IPCA SPREAD,BRPR21,2017-10-20,2019-07-15,"IPCA + 5,85%",4.4088,4.1825,4.2561,0.09,4.16,4.35,1444.031249,101.82,301.0,5%,BR PROPERTIES S/A,2019-05-15
DI PERCENTUAL,BVMF11,2017-10-20,2019-12-01,"104,25% do DI",102.9222,102.1416,102.572,0.14,102.43,102.71,1038.400844,100.19,373.0,35%,BM&F BOVESPA S/A BOLSA DE VALORES MERCADORIAS E FUTUROS(*),
IPCA SPREAD,CART12,2017-10-20,2024-12-15,"IPCA + 5,8%",10.3911,8.0736,8.4438,1.67,6.78,10.11,1250.595428,89.39,1130.0,35%,CONCESSIONÁRIA AUTO RAPOSO TAVARES S/A (*),2023-05-15
IPCA SPREAD,CART22,2017-10-20,2024-12-15,"IPCA + 6,05%",10.9938,6.7568,7.3709,0.14,7.23,7.52,1325.220073,94.54,1136.0,--,CONCESSIONÁRIA AUTO RAPOSO TAVARES S/A (*),2023-05-15
IPCA SPREAD,CBAN11,2017-10-20,2024-01-15,"IPCA + 9,57%",7.0783,6.5877,6.5422,0.46,6.09,7.0,16486.335189,110.52,913.0,--,CONCESSIONÁRIA ROTA DAS BANDEIRAS S/A (*) (**),2021-05-15
IPCA SPREAD,CBAN21,2017-10-20,2024-07-15,"IPCA + 9,57%",7.5171,6.9277,6.9964,0.33,6.66,7.33,15312.415917,109.84,1006.0,35%,CONCESSIONÁRIA ROTA DAS BANDEIRAS S/A (*) (**),2022-08-15
DI PERCENTUAL,CCCI22,2017-10-20,2022-04-19,115% do DI,155.6375,137.3903,144.3423,5.3,139.05,149.64,7909.939938,94.88,541.0,--,INTERCEMENT BRASIL S/A (*) (**),
DI PERCENTUAL,CCPE25,2017-10-20,2019-08-15,110% do DI,115.0,108.7305,111.6163,0.82,110.79,112.44,10150.470344,99.85,312.0,--,CYRELA COM. PROP. S/A EMP. PARTICIPAÇÕES (*) (**),
DI PERCENTUAL,CCRD18,2017-10-20,2018-12-15,"124,10% do DI",118.2722,110.8405,113.7891,2.49,111.3,116.28,10466.537265,100.77,271.0,--,CCR S/A (*) (**),
IPCA SPREAD,CEAR23,2017-10-20,2018-10-15,"IPCA + 6,85%",3.2689,2.8924,3.1003,0.15,2.95,3.25,5009.984616,103.53,245.0,--,COMPANHIA ENERGÉTICA DO CEARÁ - COELCE (*) (**),2018-08-15
IPCA SPREAD,CEMA17,2017-10-20,2021-10-15,"IPCA + 5,4795%",4.7033,4.5052,4.5305,0.27,4.26,4.8,1060.236308,103.37,925.0,--,COMPANHIA ENERGÉTICA DO MARANHÃO - CEMAR,2021-05-15
IPCA SPREAD,CEMA27,2017-10-20,2023-10-15,"IPCA + 5,5422%",5.2066,4.8709,4.9267,0.27,4.66,5.19,1057.554204,103.11,1321.0,--,COMPANHIA ENERGÉTICA DO MARANHÃO - CEMAR,2024-08-15
DI PERCENTUAL,CEPE15,2017-10-20,2019-01-11,118% do DI,116.3324,111.5677,116.5386,1.21,115.33,117.75,10294.637462,100.07,172.0,--,COMPANHIA ENERGÉTICA DE PERNAMBUCO - CELPE,
DI PERCENTUAL,CEPE17,2017-10-20,2020-01-15,121% do DI,116.0312,113.7585,115.0964,0.56,114.54,115.65,1.037189,100.94,508.0,35%,COMPANHIA ENERGÉTICA DE PERNAMBUCO - CELPE (*) (**),
IPCA SPREAD,CHPA11,2017-10-20,2029-03-15,"IPCA + 9,223%",6.573,5.9659,6.2754,0.25,6.03,6.52,14153.277522,118.97,1637.0,--,CHAPADA DO PIAUÍ I HOLDING S.A.,2026-08-15
DI PERCENTUAL,CIEL14,2017-10-20,2018-04-13,"105,8% do DI",102.3788,101.5064,101.9415,0.1,101.84,102.04,3342.920642,100.12,118.0,--,CIELO S/A,
IPCA SPREAD,CLPP13,2017-10-20,2021-12-15,"IPCA + 6,6971%",4.7694,4.4173,4.6069,0.23,4.38,4.84,1154.955326,107.31,901.0,--,CENTRAIS ELETRICAS DO PARA S.A - CELPA,2021-05-15
DI PERCENTUAL,CLPP14,2017-10-20,2019-12-15,116% do DI,110.0,108.0,109.0156,0.07,108.94,109.09,10470.285664,101.06,489.0,--,CENTRAIS ELETRICAS DO PARA S.A - CELPA,
IPCA SPREAD,CLPP23,2017-10-20,2023-12-15,"IPCA + 6,8702%",5.2004,4.8793,5.0383,0.17,4.87,5.21,1174.278187,108.96,1258.0,--,CENTRAIS ELETRICAS DO PARA S.A - CELPA,2023-05-15
DI SPREAD,CMDT13,2017-10-20,2018-02-15,"DI + 0,69%",6.5414,5.2171,5.4932,0.35,5.14,5.85,1057.418636,98.57,78.0,--,CEMIG DISTRIBUIÇÃO S/A,
IPCA SPREAD,CMDT23,2017-10-20,2021-02-15,"IPCA + 4,7%",9.5047,8.8433,9.3489,0.5,8.84,9.85,1257.401607,91.06,539.0,35%,CEMIG DISTRIBUIÇÃO S/A,2020-08-15
IPCA SPREAD,CMDT33,2017-10-20,2025-02-15,"IPCA + 5,1%",10.0458,9.2786,9.6791,0.45,9.23,10.13,1123.429444,81.15,1214.0,--,CEMIG DISTRIBUIÇÃO S/A,2023-05-15
DI SPREAD,CMTR15,2017-10-20,2018-12-10,"DI + 1,70%",8.1672,7.1833,7.566,0.26,7.31,7.82,10740.274329,96.86,142.0,--,CEMIG GERAÇÃO E TRANSMISSÃO S/A,
DI SPREAD,CMTR16,2017-10-20,2018-07-15,"DI + 1,60%",,,5.3457,0.39,4.95,5.74,5002.786053,97.42,182.0,--,CEMIG GERAÇÃO E TRANSMISSÃO S/A,
IPCA SPREAD,CMTR23,2017-10-20,2019-02-15,IPCA + 6%,9.6325,8.0649,7.6821,0.26,7.42,7.94,1459.958137,98.78,196.0,--,CEMIG GERAÇÃO E TRANSMISSÃO S/A,2018-08-15
IPCA SPREAD,CMTR33,2017-10-20,2022-02-15,"IPCA + 6,20%",9.8684,9.4727,9.6065,0.21,9.39,9.82,1348.452926,91.12,737.0,5%,CEMIG GERAÇÃO E TRANSMISSÃO S/A,2021-05-15
DI PERCENTUAL,CPEL15,2017-10-20,2019-05-13,"111,50% do DI",113.6375,110.0346,111.7017,0.8,110.91,112.5,6968.616208,99.99,244.0,--,COMPANHIA PARANAENSE DE ENERGIA - COPEL,
DI PERCENTUAL,CPFE15,2017-10-20,2020-10-20,"114,5% do DI",109.9787,108.2156,109.09,0.41,108.68,109.5,3029.948152,101.0,575.0,--,CPFL ENERGIA S.A (*) (**),
IPCA SPREAD,CPFP18,2017-10-20,2024-02-15,"IPCA + 5,2901%",5.3615,4.9091,5.0209,0.19,4.84,5.21,1034.165138,101.29,1267.0,35%,COMPANHIA PIRATININGA DE FORÇA E LUZ,2023-05-15
DI PERCENTUAL,CPFP28,2017-10-20,2022-02-15,"109,5% do DI",109.4814,107.6174,108.2909,0.21,108.08,108.5,1019.908233,100.34,819.0,--,COMPANHIA PIRATININGA DE FORÇA E LUZ (*),
DI SPREAD,CPGE17,2017-10-20,2019-04-25,"DI + 1,06%",1.0725,0.8266,0.9759,0.1,0.87,1.08,10529.313197,100.11,344.0,--,CPFL GERAÇÃO DE ENERGIA S/A (*) (**),
DI PERCENTUAL,CPGT11,2017-10-20,2020-05-15,113% do DI,118.3305,115.0159,116.5336,0.94,115.6,117.47,10419.609806,99.61,362.0,--,COPEL GERAÇÃO E TRANSMISSÃO S/A (*) (**),
DI PERCENTUAL,CPGT12,2017-10-20,2019-07-13,121% do DI,117.7501,115.3587,116.3846,0.62,115.77,117.0,10325.67964,100.39,296.0,--,COPEL GERAÇÃO E TRANSMISSÃO S/A,
DI PERCENTUAL,CPLD12,2017-10-20,2019-10-27,124% do DI,116.2837,114.7324,115.2382,0.33,114.9,115.57,11439.710849,100.85,327.0,5%,COPEL DISTRIBUICAO S/A,
DI SPREAD,CPSC13,2017-10-20,2020-06-16,"DI + 2,5%",1.0016,0.75,0.9433,0.07,0.87,1.01,,,,--,CIA PAULISTA DE SECURITIZAÇÃO,
DI SPREAD,CRIP13,2017-10-20,2018-09-25,"DI + 1,09%",0.75,0.3999,0.6116,0.06,0.56,0.67,3436.366523,100.43,227.0,--,CONC. RODOV. INTERI. PAULISTA S/A (*) (**),
DI PERCENTUAL,CSMG17,2017-10-20,2019-04-15,"108,50% do DI",108.985,106.75,108.7211,0.13,108.59,108.85,10011.253292,99.98,352.0,--,CIA DE SANEAMENTO DE M.GERAIS COPASA MG,
DI PERCENTUAL,CSMG19,2017-10-20,2020-08-15,"118,9% do DI",109.9333,,108.6513,1.61,107.04,110.27,10283.60635,101.03,332.0,--,CIA DE SANEAMENTO DE M.GERAIS COPASA MG (*),
IPCA SPREAD,CSMG26,2017-10-20,2019-02-15,"IPCA + 6,0246%",4.5971,3.9089,4.4039,0.23,4.18,4.63,498523.019632,101.21,198.0,--,CIA DE SANEAMENTO DE M.GERAIS COPASA MG,2018-08-15
IPCA SPREAD,CSMG27,2017-10-20,2021-04-15,"IPCA + 7,39%",5.134,4.0021,4.6918,0.08,4.61,4.77,10825.940066,104.73,462.0,--,CIA DE SANEAMENTO DE M.GERAIS COPASA MG,2019-05-15
DI SPREAD,CSSA12,2017-10-20,2018-06-20,"DI + 0,99%",0.75,0.5,0.6465,0.03,0.62,0.67,2960.325647,100.14,100.0,--,CENTROVIAS - SISTEMAS RODOVIÁRIOS S/A (*) (**),
DI SPREAD,CSSA13,2017-10-20,2019-03-10,"DI + 1,25%",0.9,0.5736,0.7625,0.06,0.71,0.82,10147.726969,100.46,240.0,--,CENTROVIAS - SISTEMAS RODOVIÁRIOS S/A,
DI SPREAD,CTAP11,2017-10-20,2021-12-15,"DI + 1,25%",,,296.2219,28.98,267.25,325.2,2235.633998,20.12,176.0,--,CONTAX PARTICIPAÇÕES S/A,
IPCA SPREAD,CTEE14,2017-10-20,2021-07-15,"IPCA + 6,0413%",4.8802,4.0108,4.1806,0.26,3.92,4.44,1112.90618,106.19,856.0,--,COMPANHIA DE TRANSMISSÃO DE ENERGIA ELÉTRICA PAULISTA - CTEEP,2021-05-15
IPCA SPREAD,CTEE15,2017-10-20,2024-02-15,"IPCA + 5,0373%",4.7484,4.3056,4.5113,0.1,4.41,4.61,1066.731472,102.75,1363.0,--,COMPANHIA DE TRANSMISSÃO DE ENERGIA ELÉTRICA PAULISTA - CTEEP,2024-08-15
IPCA SPREAD,CTEL11,2017-10-20,2024-10-15,"IPCA + 7,9633%",5.6793,5.2054,5.1644,0.24,4.92,5.4,,,,--,COPEL TELECOMUNICACÕES S.A.,2023-05-15
DI SPREAD,CYRE22,2017-10-20,2018-01-05,"DI + 0,65%",0.6042,0.4479,0.598,0.0,0.6,0.6,10279.668487,100.01,51.0,--,CYRELA BRAZIL REALTY S/A EMP. E PART.,
DI SPREAD,DASA14,2017-10-20,2018-10-15,"DI + 1,15%",0.7949,0.4514,0.6935,0.13,0.57,0.82,5028.758015,100.43,240.0,35%,DIAGNÓSTICOS DA AMÉRICA S/A,
DI SPREAD,DASA15,2017-10-20,2018-03-10,"DI + 1,05%",0.7768,0.4566,0.6282,0.12,0.5,0.75,5057.491215,100.16,95.0,--,DIAGNÓSTICOS DA AMÉRICA S/A (*) (**),
DI PERCENTUAL,DASA17,2017-10-20,2021-12-19,"112,25 do DI",108.413,106.9774,107.616,0.22,107.39,107.84,10453.46283,101.06,682.0,35%,DIAGNÓSTICOS DA AMÉRICA S/A (*),
DI SPREAD,DASA25,2017-10-20,2020-03-10,"DI + 1,20%",0.7516,0.498,0.6676,0.09,0.57,0.76,10193.901196,100.92,439.0,--,DIAGNÓSTICOS DA AMÉRICA S/A (*) (**),
DI PERCENTUAL,EATE14,2017-10-20,2020-08-07,"109,75% do DI",109.0,107.0,108.0744,0.15,107.92,108.23,7203.523059,100.17,327.0,--,EMPRESA AMAZONENSE TRANS.DE ENERGIA S/A (*) (**),
DI SPREAD,ECCR12,2017-10-20,2018-10-15,"DI + 0,79%",0.5041,0.328,0.4318,0.03,0.4,0.46,3349.919532,100.34,240.0,--,ECORODOVIAS CONCESSÕES E SERVIÇOS S/A,
IPCA SPREAD,ECCR22,2017-10-20,2019-10-15,"IPCA + 5,00%",4.0866,3.5667,3.8436,0.14,3.7,3.99,14007.614969,101.62,366.0,--,ECORODOVIAS CONCESSÕES E SERVIÇOS S/A,2019-05-15
IPCA SPREAD,ECCR32,2017-10-20,2022-10-15,"IPCA + 5,35%",5.3026,5.0035,5.2276,0.14,5.09,5.36,13843.974451,100.43,923.0,--,ECORODOVIAS CONCESSÕES E SERVIÇOS S/A,2021-05-15
DI SPREAD,ECNT13,2017-10-20,2020-04-15,"DI + 3,2%",3.842,2.6661,3.1441,0.41,2.73,3.56,6717.145715,100.08,378.0,--,EMPRESA CONC.DE ROD.NORTE S/A-ECONORTE (*) (**),
DI SPREAD,ECOR11,2017-10-20,2018-04-15,"DI + 1,18%",0.5841,0.3155,0.4198,0.09,0.33,0.51,10050.022048,100.36,119.0,--,ECORODOVIAS CONCESSÕES E SERVIÇOS S/A (*),
DI SPREAD,ECOR21,2017-10-20,2020-04-15,"DI + 1,42%",0.9,0.5666,0.7586,0.05,0.71,0.81,10135.787576,101.21,463.0,--,ECORODOVIAS CONCESSÕES E SERVIÇOS S/A (*),
IPCA SPREAD,ECOV12,2017-10-20,2020-04-15,"IPCA + 3,8%",3.712,3.2024,3.1901,0.21,2.98,3.4,1365.440621,101.12,478.0,--,CONCESSIONÁRIA ECOVIAS DOS IMIGRANTES S/A,2019-05-15
IPCA SPREAD,ECOV22,2017-10-20,2024-04-15,"IPCA + 4,28%",5.4049,4.97,5.0882,0.18,4.91,5.26,1303.626201,96.32,1222.0,5%,CONCESSIONÁRIA ECOVIAS DOS IMIGRANTES S/A,2023-05-15
IPCA SPREAD,ECPT11,2017-10-20,2023-01-15,"IPCA + 8,25%",5.4924,4.9342,5.486,0.27,5.21,5.76,1420.156239,107.06,672.0,--,CONCESS. ROD. A. S. E C. PINTO S/A - ECOPISTAS (#),2020-08-15
IPCA SPREAD,ECPT21,2017-10-20,2022-04-15,IPCA + 8.25%,5.4924,4.9342,5.486,0.27,5.21,5.76,1251.015158,106.23,594.0,--,CONCESS. ROD. A. S. E C. PINTO S/A - ECOPISTAS (#),2020-08-15
IPCA SPREAD,ECPT31,2017-10-20,2022-07-15,"IPCA + 8,25%",5.4924,4.9342,5.486,0.27,5.21,5.76,1234.73189,106.91,657.0,--,CONCESS. ROD. A. S. E C. PINTO S/A - ECOPISTAS (#),2020-08-15
IPCA SPREAD,ECPT41,2017-10-20,2022-10-15,"IPCA + 8,25%",5.4924,4.9342,5.486,0.27,5.21,5.76,1218.486969,107.62,721.0,--,CONCESS. ROD. A. S. E C. PINTO S/A - ECOPISTAS (#),2020-08-15
IPCA SPREAD,EKTR25,2017-10-20,2018-08-15,"IPCA + 7,6813",4.6453,,4.3179,0.07,4.25,4.39,5072.37359,102.6,204.0,--,ELEKTRO ELETRICIDADE E SERVIÇOS S/A (*) (**),2018-08-15
DI PERCENTUAL,ELPLB0,2017-10-20,2021-04-12,120% do DI,117.4883,113.4258,115.3715,0.2,115.17,115.58,1.010618,100.87,579.0,--,ELETROPAULO METROP. ELETRIC. DE S.P. S/A,
DI SPREAD,ELSPA5,2017-10-20,2018-10-09,"DI + 1,24%",1.9199,1.1777,1.5739,0.05,1.52,1.62,,,,--,ELETROPAULO METROP. ELETRIC. DE S.P. S/A,
DI SPREAD,ENBR14,2017-10-20,2018-09-15,"DI + 2,24%",1.8028,0.8568,1.354,0.11,1.25,1.46,508.6618,100.76,220.0,--,EDP ENERGIAS DO BRASIL S/A (*),
IPCA SPREAD,ENBR15,2017-10-20,2022-04-15,"IPCA + 8,3479%",4.7969,4.2939,4.4332,0.18,4.25,4.62,12018.763352,113.63,881.0,10%,EDP ENERGIAS DO BRASIL S/A,2021-05-15
IPCA SPREAD,ENBR24,2017-10-20,2021-09-15,"IPCA + 8,8201%",4.6013,4.0404,4.2378,0.14,4.1,4.38,1255.346594,111.8,659.0,--,EDP ENERGIAS DO BRASIL S/A (*),2020-08-15
IPCA SPREAD,ENBR34,2017-10-20,2024-09-15,"IPCA + 8,7608%",5.2648,4.8274,4.9235,0.2,4.72,5.13,1331.149781,118.59,1212.0,--,EDP ENERGIAS DO BRASIL S/A,2023-05-15
IPCA SPREAD,ENGI18,2017-10-20,2022-06-15,"IPCA + 5,6%",5.2648,4.8871,5.0288,0.1,4.93,5.13,1044.020377,102.28,1046.0,--,ENERGISA S/A,2022-08-15
IPCA SPREAD,ENGI25,2017-10-20,2019-07-15,"IPCA + 9,23%",3.9443,3.5112,3.8441,0.19,3.65,4.04,15473.25929,107.82,299.0,45%,ENERGISA S/A,2019-05-15
IPCA SPREAD,ENGI28,2017-10-20,2024-06-15,"IPCA + 5,6601%",5.4122,5.0326,5.2312,0.18,5.06,5.41,1044.573703,102.32,1420.0,35%,ENERGISA S/A,2024-08-15
DI SPREAD,ENMA14,2017-10-20,2018-06-21,"DI + 1,08%",,,1.3453,0.16,1.18,1.51,3440.169921,99.83,159.0,--,COMPANHIA ENERGÉTICA DO MARANHÃO - CEMAR,
DI PERCENTUAL,ENTE12,2017-10-20,2020-08-07,"109,75% do DI",111.9766,108.5057,110.1786,0.57,109.61,110.75,7188.607027,99.96,326.0,--,EMPRESA NORTE DE TRANS.DE ENERGIA S/A (*) (**),
DI SPREAD,ESCE13,2017-10-20,2020-08-27,"DI + 1,80%",0.7999,0.5999,0.7229,0.03,0.69,0.75,10329.46894,101.82,428.0,--,ESPÍRITO SANTO CENTR. ELETR. S/A ESCELSA (*) (**),
DI PERCENTUAL,ESCE15,2017-10-20,2022-04-07,"108,75% do DI",108.8599,107.4055,108.0328,0.44,107.59,108.48,10045.576008,100.18,762.0,--,ESPÍRITO SANTO CENTR. ELETR. S/A ESCELSA (*),
DI SPREAD,ESTC12,2017-10-20,2019-10-15,"DI + 1,18%",1.0699,0.85,1.0625,0.12,0.94,1.18,8022.356556,100.14,295.0,--,ESTÁCIO PARTICIPAÇÕES S/A (*) (**),
IPCA SPREAD,EXTZ11,2017-10-20,2029-01-15,"IPCA + 7,0291%",5.8673,5.5579,5.7329,0.05,5.68,5.78,1016.005512,107.06,1428.0,5%,EXTREMOZ TRANSMISSORA DO NORDESTE ETN S.A.,2024-08-15
IPCA SPREAD,FGEN13,2017-10-20,2027-12-15,"IPCA + 6,4686%",5.6447,5.2662,5.4254,0.07,5.35,5.5,,,,--,FERREIRA GOMES ENERGIA S/A,2024-08-15
DI SPREAD,FLRY12,2017-10-20,2020-02-15,"DI + 0,85%",0.6227,0.38,0.474,0.06,0.41,0.54,10212.636283,100.46,310.0,35%,FLEURY S/A,
DI SPREAD,FLRY21,2017-10-20,2018-12-12,"DI + 1,20%",0.626,0.343,0.6447,0.24,0.41,0.88,6933.960499,100.33,152.0,--,FLEURY S/A,
DI SPREAD,GASP13,2017-10-20,2019-09-15,"DI + 0,90%",0.5027,0.3699,0.4212,0.04,0.38,0.46,676.520103,100.63,335.0,15%,COMPANHIA DE GAS DE SÃO PAULO - COMGAS,
IPCA SPREAD,GASP14,2017-10-20,2020-12-15,"IPCA + 7,1432%",4.5512,3.8499,3.9533,0.32,3.64,4.27,1256.441587,108.72,700.0,--,COMPANHIA DE GAS DE SÃO PAULO - COMGAS,2020-08-15
IPCA SPREAD,GASP15,2017-10-20,2023-12-15,"IPCA + 5,8680%",4.746,4.4078,4.5542,0.11,4.45,4.66,1139.011179,106.58,1291.0,--,COMPANHIA DE GAS DE SÃO PAULO - COMGAS,2023-05-15
IPCA SPREAD,GASP23,2017-10-20,2018-09-15,"IPCA + 5,1%",3.5763,3.1156,3.233,0.05,3.18,3.28,1329.39757,101.62,226.0,5%,COMPANHIA DE GAS DE SÃO PAULO - COMGAS,2018-08-15
IPCA SPREAD,GASP24,2017-10-20,2022-12-15,"IPCA + 7,4820%",4.8794,4.2611,4.446,0.14,4.3,4.59,1294.420028,111.71,982.0,--,COMPANHIA DE GAS DE SÃO PAULO - COMGAS,2022-08-15
IPCA SPREAD,GASP33,2017-10-20,2020-09-15,"IPCA + 5,57%",4.3368,3.6025,3.8368,0.25,3.59,4.08,1359.026479,103.86,577.0,--,COMPANHIA DE GAS DE SÃO PAULO - COMGAS,2020-08-15
IPCA SPREAD,GASP34,2017-10-20,2025-12-15,"IPCA + 7,3570%",4.9013,4.3373,4.4188,0.14,4.28,4.56,,,,--,COMPANHIA DE GAS DE SÃO PAULO - COMGAS,2024-08-15
DI SPREAD,GEPA14,2017-10-20,2018-07-16,"DI + 0,65%",1.1637,0.5183,0.8822,0.29,0.6,1.17,341.016773,99.84,177.0,--,RIO PARANAPANEMA ENERGIA S/A,
DI SPREAD,GEPA15,2017-10-20,2019-05-20,"DI + 0,89%",0.8318,0.4866,0.5959,0.13,0.46,0.73,6969.217889,100.29,250.0,--,RIO PARANAPANEMA ENERGIA S/A,
DI PERCENTUAL,GNAN14,2017-10-20,2020-03-23,"123,20% do DI",115.1014,113.75,114.7445,0.41,114.34,115.15,10219.100676,101.49,554.0,--,NEOENERGIA S/A (*),
DI SPREAD,HMSL15,2017-10-20,2018-12-10,"DI + 2,00%",1.5,1.0166,1.263,0.24,1.02,1.5,11162.620735,100.42,145.0,--,REDE DOR SÃO LUIZ S/A,
DI SPREAD,IGTA13,2017-10-20,2018-02-01,"DI + 1,00%",0.3208,0.1562,0.2541,0.03,0.23,0.28,5114.526022,100.21,70.0,--,IGUATEMI EMPRESA DE SHOPPING CENTERS S/A,
DI SPREAD,IGTA14,2017-10-20,2020-02-15,"DI + 0,82%",0.7276,0.4132,0.5968,0.06,0.54,0.65,10203.404671,100.37,425.0,--,IGUATEMI EMPRESA DE SHOPPING CENTERS S/A,
IPCA SPREAD,IGTA24,2017-10-20,2021-02-15,"IPCA + 4,31%",4.6297,4.377,4.5688,0.11,4.46,4.68,13669.648727,99.24,772.0,--,IGUATEMI EMPRESA DE SHOPPING CENTERS S/A,2021-05-15
DI SPREAD,INBD24,2017-10-20,2019-08-12,"DI + 4,50%",,29.9666,31.4292,2.31,29.12,33.74,798.703536,78.02,266.0,--,INBRANDS S/A (*) (**),
DI SPREAD,IOCH17,2017-10-20,2019-04-01,"DI + 2,00%",1.5,1.0,1.2961,0.07,1.22,1.37,1014.600187,100.95,343.0,--,IOCHPE-MAXION S/A,
DI PERCENTUAL,ITSA12,2017-10-20,2024-05-24,"106,9% do DI",104.5,103.625,104.1273,0.17,103.96,104.3,105045.829292,101.08,1082.0,--,ITAUSA - INVESTIMENTOS ITAU S/A (*),
DI SPREAD,IVIA14,2017-10-20,2019-10-15,"DI + 1,10%",0.9,0.5499,0.7602,0.05,0.71,0.81,6708.117538,100.47,354.0,--,CONC. RODOV. INTERI. PAULISTA S/A,
IPCA SPREAD,IVIA24,2017-10-20,2019-10-15,"IPCA + 5,96%",3.9486,3.5797,3.6878,0.15,3.54,3.84,12718.092827,104.24,483.0,--,CONC. RODOV. INTERI. PAULISTA S/A,2019-05-15
DI SPREAD,JSML16,2017-10-20,2018-07-15,"DI + 1,8%",1.8151,1.359,1.5875,0.11,1.47,1.7,1029.104077,100.15,176.0,--,JSL S/A,
DI PERCENTUAL,JSML18,2017-10-20,2019-06-15,116% do DI,123.0328,119.9995,122.0762,1.02,121.05,123.1,1031.247438,99.54,268.0,--,JSL S/A,
DI SPREAD,JSML26,2017-10-20,2020-07-15,"DI + 2,2%",2.225,1.7999,2.1255,0.4,1.72,2.53,1029.845254,100.11,394.0,--,JSL S/A,
IPCA SPREAD,JSML28,2017-10-20,2021-06-15,IPCA + 8%,6.6849,6.1583,6.4787,0.04,6.44,6.52,1311.480215,103.46,606.0,--,JSL S/A,2020-08-15
IPCA SPREAD,JSML36,2017-10-20,2020-07-15,"IPCA + 7,5%",6.576,6.0277,6.4023,0.05,6.36,6.45,1363.433505,102.16,524.0,--,JSL S/A,2020-08-15
DI PERCENTUAL,JSML38,2017-10-20,2021-06-15,"118,50% do DI",128.1622,123.0136,126.7998,1.58,125.22,128.38,1024.030527,98.76,469.0,--,JSL S/A,
DI PERCENTUAL,LAME10,2017-10-20,2019-11-21,112% do DI,111.0,109.0,110.0213,0.09,109.93,110.11,10461.428059,100.29,472.0,--,LOJAS AMERICANAS S/A  (*) (**),
DI PERCENTUAL,LAME16,2017-10-20,2018-01-26,112% do DI,106.4716,104.0,105.3881,0.56,104.83,105.94,10236.576577,100.12,66.0,--,LOJAS AMERICANAS S/A (*) (**),
DI PERCENTUAL,LAME18,2017-10-20,2018-07-15,112% do DI,107.7422,105.0337,106.5408,0.89,105.65,107.43,5140.775121,100.26,177.0,--,LOJAS AMERICANAS S/A (*) (**),
DI PERCENTUAL,LAME19,2017-10-20,2021-06-25,113% do DI,113.3025,,110.359,0.29,110.06,110.65,10366.16679,100.41,482.0,--,LOJAS AMERICANAS S/A (*) (**),
DI PERCENTUAL,LAME26,2017-10-20,2018-01-26,112% do DI,109.1459,106.0576,107.7139,0.62,107.1,108.33,10232.237069,100.08,66.0,--,LOJAS AMERICANAS S/A (*)(**),
DI PERCENTUAL,LAME29,2017-10-20,2021-06-25,113% do DI,111.518,109.2655,110.3584,0.23,110.13,110.59,10367.322072,100.42,495.0,--,LOJAS AMERICANAS S/A (*) (**),
IPCA SPREAD,LAME38,2017-10-20,2021-07-15,"IPCA + 6,39%",5.0245,4.7019,4.9145,0.08,4.83,5.0,13787.547534,103.59,638.0,--,LOJAS AMERICANAS S/A (*) (**),2020-08-15
DI PERCENTUAL,LAMEA1,2017-10-20,2022-04-15,115% do DI,112.9167,111.9923,112.3162,0.3,112.01,112.62,10093.523835,100.79,854.0,50%,LOJAS AMERICANAS S/A (*),
IPCA SPREAD,LAMEB1,2017-10-20,2024-04-15,"IPCA + 7,0972%",5.9368,5.6507,5.7035,0.12,5.58,5.83,11143.896473,106.64,1242.0,--,LOJAS AMERICANAS S/A (*),2023-05-15
DI SPREAD,LBRA11,2017-10-20,2020-07-31,"DI + 3,00%",296.8055,172.625,231.0879,5.32,225.76,236.41,2527.573476,24.64,258.0,--,LIBRA TERMINAL RIO S/A,
DI SPREAD,LJDE11,2017-10-20,2019-11-25,"DI + 1,20%",1.4633,1.07,1.3439,0.1,1.24,1.44,10407.267482,99.86,251.0,5%,LAJEADO ENERGIA S/A,
DI PERCENTUAL,LORT10,2017-10-20,2021-01-08,"113,9% do DI",110.4509,107.9277,108.786,0.76,108.02,109.55,10384.885373,101.0,603.0,--,LOCALIZA RENT A CAR (*),
DI PERCENTUAL,LORT18,2017-10-20,2020-09-10,"109,50% do DI",107.4431,106.0122,106.9008,0.15,106.75,107.05,10141.39882,100.45,549.0,--,LOCALIZA RENT A CAR (*) (**),
DI PERCENTUAL,LORT19,2017-10-20,2021-04-30,"113,20% do DI",110.6128,108.7675,109.7861,0.84,108.95,110.63,10582.368608,100.73,645.0,10%,LOCALIZA RENT A CAR (*) (**),
DI PERCENTUAL,LORTA1,2017-10-20,2022-01-12,"111,5% do DI",108.0,106.8471,107.2467,0.34,106.91,107.58,10493.915537,101.3,873.0,--,LOCALIZA RENT A CAR (*),
DI PERCENTUAL,LORTA2,2017-10-20,2022-05-15,"107,25% do DI",107.9864,106.699,107.2495,0.29,106.96,107.54,1043.621061,100.0,925.0,--,LOCALIZA RENT A CAR (*),
DI SPREAD,LRNE15,2017-10-20,2018-06-15,"DI + 0,97%",0.7436,0.5009,0.6429,0.08,0.56,0.73,3455.199188,100.2,155.0,--,LOJAS RENNER S/A,
DI SPREAD,LRNE16,2017-10-20,2018-08-01,"DI + 0,85%",0.753,0.48,0.6869,0.14,0.54,0.83,5108.515026,100.12,189.0,--,LOJAS RENNER S/A (*),
IPCA SPREAD,LRNE25,2017-10-20,2019-06-15,"IPCA + 5,70%",3.3856,3.0744,3.1789,0.15,3.03,3.33,9761.093776,102.72,281.0,--,LOJAS RENNER S/A,2018-08-15
DI PERCENTUAL,MILS13,2017-10-20,2019-05-30,116% do DI,177.5087,139.4679,141.4533,1.53,139.92,142.99,6817.457983,98.17,255.0,--,MILLS ESTR. E SERVIÇOS DE ENGENHARIA S/A,
IPCA SPREAD,MILS22,2017-10-20,2020-08-15,IPCA + 7%,12.4536,11.9161,12.1685,0.17,12.0,12.34,12993.624019,92.27,426.0,--,MILLS ESTR. E SERVIÇOS DE ENGENHARIA S/A,2019-05-15
DI SPREAD,MRSL16,2017-10-20,2019-12-10,"DI + 2,90%",0.7512,0.5,0.6842,0.06,0.63,0.74,10665.56096,102.27,261.0,--,MRS LOGÍSTICA S/A,
IPCA SPREAD,MRSL17,2017-10-20,2022-02-15,"IPCA + 5,9828%",4.8471,4.0899,4.6112,0.12,4.5,4.73,1286.137839,104.51,855.0,45%,MRS LOGÍSTICA S/A,2021-05-15
IPCA SPREAD,MRSL27,2017-10-20,2025-02-15,"IPCA + 6,4277%",4.9559,4.6172,4.8064,0.06,4.75,4.86,1336.163084,108.27,1312.0,--,MRS LOGÍSTICA S/A,2024-08-15
DI SPREAD,MRSS15,2017-10-20,2018-07-18,"DI + 2,5%",0.5,0.3414,0.4053,0.03,0.37,0.44,348.097821,101.47,178.0,--,MRS LOGÍSTICA S/A,
DI SPREAD,MRVE19,2017-10-20,2020-02-15,"DI + 1,50%",1.0,0.836,0.9314,0.05,0.88,0.98,10287.873036,101.08,483.0,--,MRV ENGENHARIA E PARTICIPAÇÃO S/A,
DI SPREAD,MRVE29,2017-10-20,2022-02-15,"DI + 2,3%",1.5,1.3579,1.436,0.05,1.39,1.48,10438.912049,102.42,711.0,--,MRV ENGENHARIA E PARTICIPAÇÃO S/A,
IPCA SPREAD,MRVE39,2017-10-20,2022-02-15,"IPCA + 8,2502%",6.2847,5.9101,6.0834,0.15,5.94,6.23,11067.459854,107.73,931.0,--,MRV ENGENHARIA E PARTICIPAÇÃO S/A,2021-05-15
DI SPREAD,MULP13,2017-10-20,2020-10-15,"DI + 0,87%",0.502,0.3187,0.4132,0.05,0.36,0.46,10117.54031,101.04,572.0,10%,MULTIPLAN EMPREENDIMENTOS IMOBILIÁRIOS S/A (*) (**),
DI PERCENTUAL,NATU16,2017-10-20,2018-03-16,"107,00% do DI",108.1729,105.6446,107.0291,0.11,106.92,107.14,10076.637617,100.0,99.0,--,NATURA COSMÉTICOS S/A,
DI PERCENTUAL,NATU26,2017-10-20,2019-03-16,"108,25 do DI",108.9377,108.0023,108.6982,1.5,107.2,110.2,10073.318277,99.96,336.0,--,NATURA COSMÉTICOS S/A,
DI PERCENTUAL,NATU35,2017-10-20,2019-02-25,108% do DI,109.6039,107.9302,110.2869,3.54,106.75,113.82,10110.810795,99.79,322.0,--,NATURA COSMÉTICOS S/A,
DI PERCENTUAL,NATU36,2017-10-20,2020-03-16,109% do DI,118.3878,113.575,116.056,1.74,114.31,117.8,9954.530946,98.77,554.0,--,NATURA COSMÉTICOS S/A,
DI PERCENTUAL,NCFP13,2017-10-20,2020-12-23,112% do DI,104.4666,103.5686,104.0373,0.05,103.99,104.09,11185.709324,101.78,667.0,15%,NCF PARTICIPACOES S/A,
IPCA SPREAD,NRTB11,2017-10-20,2026-09-15,"IPCA + 7,15%",6.3772,5.966,6.1995,0.11,6.09,6.31,1363.272192,104.25,1182.0,--,NORTE BRASIL TRANSMISSORA DE ENERGIA S/A (#),2023-05-15
IPCA SPREAD,NRTB21,2017-10-20,2026-09-15,"IPCA + 7,15%",6.3772,5.966,6.1995,0.11,6.09,6.31,1618.847569,104.25,1182.0,--,NORTE BRASIL TRANSMISSORA DE ENERGIA S/A (#),2023-05-15
IPCA SPREAD,ODTR11,2017-10-20,2025-10-15,"IPCA + 6,7%",9.1393,8.0628,8.4681,0.07,8.39,8.54,11667.508007,90.07,1592.0,--,ODEBRECHT TRANSPORT S/A,2024-08-15
DI SPREAD,OVTL13,2017-10-20,2018-03-15,"DI + 2,40%",3.5114,2.2433,3.1333,0.3,2.84,3.43,1679.920088,99.83,59.0,--,OURO VERDE LOCAÇÃO E SERVIÇOS S/A,
DI SPREAD,OVTL14,2017-10-20,2018-11-11,"DI + 3,25%",4.4833,2.4333,3.633,0.4,3.24,4.03,5420.222591,99.8,133.0,--,OURO VERDE LOCAÇÃO E SERVIÇOS S/A,
DI SPREAD,OVTL23,2017-10-20,2019-03-15,"DI + 2,5%",4.574,3.5,4.0345,0.24,3.8,4.27,4560.174871,98.97,175.0,--,OURO VERDE LOCAÇÃO E SERVIÇOS S/A,
IPCA SPREAD,PRTE12,2017-10-20,2028-03-15,"IPCA + 6,9045%",5.7125,5.3186,5.4732,0.09,5.38,5.57,1016.29101,107.38,1345.0,--,PARANAIBA TRANSMISSORA DE ENERGIA S.A.,2024-08-15
DI PERCENTUAL,RADL11,2017-10-20,2022-04-19,"104,75% do DI",104.5918,103.8292,104.2911,0.37,103.92,104.66,10011.697779,100.08,563.0,--,RAIA DROGASIL S/A (*),
DI SPREAD,RDCO14,2017-10-20,2020-10-15,"DI + 1,5%",2.6459,1.6933,2.0634,0.2,1.87,2.26,5954.004532,99.09,417.0,--,RODOVIAS DAS COLINAS S/A (*),
DI SPREAD,RDCO16,2017-10-20,2019-10-10,"DI + 1,85%",2.8521,1.8664,2.231,0.23,2.0,2.47,10326.966469,99.39,414.0,--,RODOVIAS DAS COLINAS S/A (*),
IPCA SPREAD,RDCO24,2017-10-20,2020-10-15,IPCA +  5%,5.5904,4.6012,4.9709,0.17,4.8,5.14,7958.921522,100.05,497.0,--,RODOVIAS DAS COLINAS S/A (*),2019-05-15
IPCA SPREAD,RDCO34,2017-10-20,2023-04-15,"IPCA + 5,7%",7.1989,6.6239,6.8333,0.31,6.53,7.14,13069.008547,95.89,988.0,--,RODOVIAS DAS COLINAS S/A (*),2022-08-15
IPCA SPREAD,RDLA12,2017-10-20,2020-07-15,"IPCA + 7,3400%",4.9044,3.9492,4.2814,0.16,4.12,4.44,1228.766485,107.41,625.0,--,CONCESSIONÁRIA DA RODOVIA DOS LAGOS S/A,2020-08-15
DI PERCENTUAL,RDLA13,2017-10-20,2018-04-11,118% do DI,113.0,110.0,111.9743,0.54,111.44,112.51,1004.091033,100.19,116.0,--,CONCESSIONÁRIA DA RODOVIA DOS LAGOS S/A (*),
IPCA SPREAD,RDNT14,2017-10-20,2019-10-15,"IPCA + 5,6910%",3.4151,2.6784,2.7587,0.28,2.48,3.03,12867.62949,105.47,478.0,--,RODONORTE CONC. DE RODOVIAS INTEGRADAS S/A,2019-05-15
IPCA SPREAD,RDVT11,2017-10-20,2028-06-15,IPCA + 8%,40.5003,16.7361,19.6198,3.2,16.42,22.82,848.392815,62.92,1030.0,--,CONCESSIONÁRIA RODOVIAS DO TIETE S/A (*),2022-08-15
DI SPREAD,RESA11,2017-10-20,2018-10-15,"DI + 0,89%",0.4048,0.251,0.3245,0.02,0.3,0.35,503.383322,100.54,240.0,--,RAIZEN ENERGIA S/A,
DI SPREAD,RESA21,2017-10-20,2018-10-15,"DI + 0,94%",0.4106,0.2696,0.3431,0.02,0.32,0.36,1007.071675,100.57,240.0,--,RAIZEN ENERGIA S/A,
IPCA SPREAD,RESA31,2017-10-20,2020-10-15,"IPCA + 6,38%",4.8655,4.43,4.7246,0.1,4.63,4.82,1351.455733,103.76,594.0,--,RAIZEN ENERGIA S/A,2020-08-15
IPCA SPREAD,RIGE18,2017-10-20,2024-02-15,"IPCA + 5,3473%",5.1214,4.6832,4.882,0.13,4.75,5.01,1045.064657,102.25,1266.0,--,RIO GRANDE ENERGIA S/A,2023-05-15
DI PERCENTUAL,RIGE28,2017-10-20,2022-02-15,"109,75% do DI",110.0,108.0,108.9358,0.1,108.84,109.03,1018.816198,100.23,819.0,--,RIO GRANDE ENERGIA S/A (*),
IPCA SPREAD,RNEP11,2017-10-20,2025-12-15,"IPCA + 7,6054%",6.4149,5.9205,5.9648,0.07,5.9,6.03,,,,--,RENOVA EÓLICA PARTICIPAÇÕES S/A,2021-05-15
IPCA SPREAD,RVIO14,2017-10-20,2020-04-15,"IPCA + 6,38%",4.8367,4.3089,4.4952,0.28,4.21,4.78,1201.727007,104.24,586.0,--,RODOVIAS INTEGRADAS DO OESTE S/A,2020-08-15
DI PERCENTUAL,SAPR13,2017-10-20,2018-11-15,"110,80% do DI",105.9687,104.5944,105.2683,0.04,105.23,105.31,6985.032176,100.2,134.0,--,COMPANHIA DE SANEAMENTO DO PARANA - SANEPAR (*) (**),
DI PERCENTUAL,SAPR16,2017-10-20,2018-08-15,"112,6% do DI",107.0857,105.6875,106.3111,0.81,105.5,107.12,10203.525946,100.34,199.0,--,COMPANHIA DE SANEAMENTO DO PARANA - SANEPAR (*)(**),
DI PERCENTUAL,SAPR25,2017-10-20,2018-06-15,"110,50% do DI",106.9983,105.0179,106.0632,0.38,105.69,106.44,10362.269004,100.19,156.0,--,COMPANHIA DE SANEAMENTO DO PARANA - SANEPAR (*) (**),
DI PERCENTUAL,SAPR26,2017-10-20,2019-08-15,113% do DI,106.9993,105.3227,106.1318,0.31,105.83,106.44,10259.032853,100.88,425.0,--,COMPANHIA DE SANEAMENTO DO PARANA - SANEPAR (*),
DI SPREAD,SBESA7,2017-10-20,2018-01-15,"DI + 0,75%",0.45,0.2411,0.3646,0.04,0.32,0.41,3487.248006,100.09,57.0,--,CIA. DE SANEAMENTO BÁSICO DO ESTADO DE SP - SABESP,
IPCA SPREAD,SBESB7,2017-10-20,2020-01-15,"IPCA + 4,5%",3.7588,3.4259,3.6376,0.09,3.54,3.73,14153.556017,101.37,413.0,35%,CIA. DE SANEAMENTO BÁSICO DO ESTADO DE SP - SABESP,2019-05-15
IPCA SPREAD,SBESC7,2017-10-20,2023-01-15,"IPCA + 4,75%",5.5287,5.0156,5.2341,0.22,5.02,5.45,13746.427843,98.27,951.0,--,CIA. DE SANEAMENTO BÁSICO DO ESTADO DE SP - SABESP,2022-08-15
DI SPREAD,SBPA13,2017-10-20,2018-08-03,"DI + 2,4%",1.2578,0.9,1.1189,0.04,1.08,1.16,5148.743057,100.66,131.0,--,SANTOS BRASIL PARTICIPAÇÕES S/A(*)(**),
DI SPREAD,SBSPB0,2017-10-20,2019-12-20,"DI + 3,8%",3.4425,2.7325,3.0277,0.43,2.59,3.46,10550.648952,101.12,375.0,--,CIA. DE SANEAMENTO BÁSICO DO ESTADO DE SP - SABESP (*),
IPCA SPREAD,SBSPB5,2017-10-20,2019-02-15,"IPCA + 6,20%",3.5908,3.2365,3.4252,0.11,3.32,3.53,15109.088463,102.1,198.0,--,CIA. DE SANEAMENTO BÁSICO DO ESTADO DE SP - SABESP,2018-08-15
IPCA SPREAD,SSBR21,2017-10-20,2019-02-15,"IPCA + 6,25%",4.275,3.7934,4.0418,0.21,3.84,4.25,15048.841281,101.66,198.0,--,SONAE SIERRA BRASIL S/A,2018-08-15
IPCA SPREAD,STEN13,2017-10-20,2022-04-15,"IPCA + 7,0537%",7.008,6.0426,6.2923,0.25,6.04,6.55,12787.839395,102.36,824.0,--,SANTO ANTÔNIO ENERGIA S/A,2021-05-15
IPCA SPREAD,STEN23,2017-10-20,2024-04-15,"IPCA + 7,4943%",7.6701,7.2419,7.2772,0.44,6.84,7.71,12609.010171,100.92,1144.0,--,SANTO ANTÔNIO ENERGIA S/A,2023-05-15
DI PERCENTUAL,SULM13,2017-10-20,2019-05-15,"108,25% do DI",107.0,105.0,106.077,0.08,106.0,106.16,6971.157797,100.15,246.0,--,SUL AMÉRICA S/A,
DI PERCENTUAL,SULM14,2017-10-20,2019-12-13,"111,7% do DI",107.6185,105.5416,106.8089,0.5,106.3,107.31,1043.251426,100.74,489.0,--,SUL AMÉRICA S/A,
IPCA SPREAD,SULM23,2017-10-20,2022-05-15,"IPCA + 7,41%",4.8221,4.4659,4.6718,0.25,4.43,4.92,13839.336064,108.47,798.0,--,SUL AMÉRICA S/A,2021-05-15
DI PERCENTUAL,SULM24,2017-10-20,2021-12-13,114% do DI,108.3222,107.0642,107.7671,0.7,107.07,108.47,1050.937946,101.41,677.0,35%,SUL AMÉRICA S/A,
IPCA SPREAD,TAEE23,2017-10-20,2020-10-15,"IPCA + 4,85%",3.8087,3.4732,3.674,0.13,3.54,3.81,1408.503752,102.18,483.0,--,TRANS. ALIANÇA DE ENERGIA ELÉTRICA S/A,2019-05-15
IPCA SPREAD,TAEE33,2017-10-20,2024-10-15,"IPCA + 5,1%",5.6221,5.1856,5.3663,0.14,5.23,5.51,1361.583156,98.78,1226.0,5%,TRANS. ALIANÇA DE ENERGIA ELÉTRICA S/A,2023-05-15
DI SPREAD,TAES22,2017-10-20,2017-12-15,"DI + 1,6%",0.5837,0.385,0.5742,0.22,0.36,0.79,51916.093668,100.15,38.0,--,TRANS. ALIANÇA DE ENERGIA ELÉTRICA S/A,
IPCA SPREAD,TBLE15,2017-10-20,2024-12-15,"IPCA + 6,3%",4.925,4.1899,4.4972,0.09,4.4,4.59,1385.849849,108.98,1276.0,5%,ENGIE BRASIL ENERGIA S.A.,2023-05-15
IPCA SPREAD,TBLE26,2017-10-20,2026-07-15,"IPCA + 6,2515%",5.0146,4.4662,4.5233,0.22,4.3,4.75,1165.729983,110.84,1593.0,--,ENGIE BRASIL ENERGIA S.A.(*),2024-08-15
DI SPREAD,TCPA11,2017-10-20,2019-10-15,"DI + 3,40%",2.5362,1.8511,2.1399,0.22,1.92,2.36,1024.482499,102.27,461.0,--,TCP TERMINAL DE CONTÊINERES DE PARANAGUÁ S/A (*) (**),
DI SPREAD,TCPA21,2017-10-20,2021-10-15,"DI + 3,9%",2.7986,2.3075,2.4822,0.17,2.32,2.65,1044.916036,104.3,774.0,--,TCP TERMINAL DE CONTÊINERES DE PARANAGUÁ S/A (*) (**),
IPCA SPREAD,TCPA31,2017-10-20,2022-10-15,"IPCA + 7,8164%",6.3263,5.9062,6.0701,0.14,5.93,6.21,1096.355713,106.9,1032.0,--,TCP TERMINAL DE CONTÊINERES DE PARANAGUÁ S/A (*),2022-08-15
IPCA SPREAD,TEPE11,2017-10-20,2025-11-15,"IPCA + 9,11%",383.5001,77.9141,269.5476,30.72,238.82,300.27,179.484686,19.99,117.0,--,TERMELÉTRICA PERNAMBUCO III S/A (#),2018-08-15
IPCA SPREAD,TEPE21,2017-10-20,2025-02-15,"IPCA + 9,11%",383.5001,77.9141,269.5476,30.72,238.82,300.27,,,,--,TERMELÉTRICA PERNAMBUCO III S/A (#),2018-08-15
IPCA SPREAD,TEPE31,2017-10-20,2025-05-15,"IPCA + 9,11%",383.5001,77.9141,269.5476,30.72,238.82,300.27,,,,--,TERMELÉTRICA PERNAMBUCO III S/A (#),2018-08-15
IPCA SPREAD,TEPE41,2017-10-20,2025-08-15,"IPCA + 9,11%",383.5001,77.9141,269.5476,30.72,238.82,300.27,,,,--,TERMELÉTRICA PERNAMBUCO III S/A (#),2018-08-15
DI SPREAD,TERP24,2017-10-20,2019-12-15,"DI + 0,95%",1.25,0.75,1.0,0.0,1.0,1.0,10338.712479,99.95,267.0,--,TERMOPERNAMBUCO S/A,
DI SPREAD,TFBR14,2017-10-20,2018-04-25,"DI + 0,68%",0.45,0.1999,0.3476,0.03,0.32,0.38,10514.429828,100.16,120.0,--,TELEFÔNICA BRASIL S/A (*) (**),
DI SPREAD,TGMA21,2017-10-20,2019-02-15,"DI + 0,97%",2.7,1.764,2.5579,0.1,2.45,2.66,6697.197242,98.79,196.0,--,TEGMA GESTÃO LOGÍSTICA S/A,
IPCA SPREAD,TIET15,2017-10-20,2023-12-15,"IPCA + 6,5365%",5.1056,4.582,4.7154,0.17,4.54,4.89,1168.369568,108.35,1180.0,--,AES TIETE ENERGIA S/A (*),2023-05-15
DI SPREAD,TIET16,2017-10-20,2022-04-15,"DI + 0,9%",0.85,0.6937,0.7495,0.06,0.69,0.81,1.006476,100.51,858.0,--,AES TIETE ENERGIA S/A (*),
IPCA SPREAD,TIET26,2017-10-20,2024-04-15,"IPCA + 6,7842%",5.9583,5.3796,5.5019,0.36,5.14,5.86,1.072194,106.25,1268.0,--,AES TIETE S/A (*),2023-05-15
IPCA SPREAD,TIET34,2017-10-20,2020-12-15,"IPCA + 8,4328%",4.9246,3.9978,4.3118,0.21,4.11,4.52,1250.914094,111.29,699.0,--,AES TIETE ENERGIA S/A,2020-08-15
IPCA SPREAD,TOME12,2017-10-20,2027-12-15,"IPCA + 8,8593%",6.0956,5.6669,5.8455,0.05,5.8,5.89,1249.085191,117.04,1444.0,5%,VENTOS DE SÃO TOMÉ HOLDING S/A,2024-08-15
IPCA SPREAD,TOWE12,2017-10-20,2023-10-15,"IPCA + 7,4%",5.3364,4.8304,5.1617,0.22,4.94,5.39,10801.709787,106.31,740.0,--,BR TOWERS SPE1 S/A (*),2021-05-15
IPCA SPREAD,TPNO12,2017-10-20,2029-06-15,"IPCA + 7,5826%",5.9669,5.5518,5.7164,0.18,5.54,5.9,,,,--,MATRINCHA TRANSMISSORA DE ENERGIA  TP NORTE SA,2024-08-15
DI SPREAD,TSAE12,2017-10-20,2020-04-15,"DI + 2,25%",2.7212,1.7579,2.1279,0.15,1.98,2.28,4866.40156,100.18,376.0,--,TRIÂNGULO DO SOL AUTO - ESTRADAS S/A (*),
DI SPREAD,TSAE13,2017-10-20,2019-01-12,"DI + 1,7%",2.9,1.9227,2.3174,0.23,2.09,2.55,10870.584354,99.34,275.0,--,TRIÂNGULO DO SOL AUTO - ESTRADAS S/A (*),
IPCA SPREAD,TSAE22,2017-10-20,2020-04-15,"IPCA + 5,4%",5.8268,5.1254,5.5624,0.38,5.18,5.94,6482.112408,99.74,434.0,--,TRIÂNGULO DO SOL AUTO - ESTRADAS S/A (*),2019-05-15
IPCA SPREAD,TSLE11,2017-10-20,2030-12-15,"IPCA + 7,5651%",6.0714,5.7235,5.8621,0.12,5.75,5.98,1155.57715,111.65,1777.0,--,TRANSMISSORA SUL LITORANEA DE ENERGIA S/A TSLE (*),2026-08-15
DI SPREAD,UNDA13,2017-10-20,2018-03-11,"DI + 1,8%",0.7,0.5014,0.6294,0.04,0.59,0.67,1453.696338,100.44,95.0,--,UNIDAS S/A (*) (**),
DI SPREAD,UNDA15,2017-10-20,2019-09-15,"DI + 1,81%",1.1999,0.923,1.1104,0.06,1.05,1.17,6789.587053,100.91,333.0,--,UNIDAS S/A (*) (**),
DI SPREAD,UNDA16,2017-10-20,2018-07-27,"DI + 1,70%",1.186,0.777,1.0167,0.12,0.9,1.13,5143.645104,100.5,185.0,--,UNIDAS S/A (*),
DI SPREAD,UNDA19,2017-10-20,2021-04-07,"DI + 2,7%",1.4525,1.2,1.334,0.08,1.26,1.41,10387.74383,103.53,654.0,--,UNIDAS S/A (*),
DI SPREAD,UNDA27,2017-10-20,2019-06-20,"DI + 3,00%",1.156,0.8721,1.0835,0.09,1.0,1.17,1061.680765,102.02,269.0,--,UNIDAS S/A,
IPCA SPREAD,VALE18,2017-10-20,2021-01-15,"IPCA + 6,46%",4.3197,4.0034,4.0795,0.17,3.9,4.25,1407.027348,105.74,623.0,--,VALE S/A,2020-08-15
IPCA SPREAD,VALE19,2017-10-20,2020-08-15,"IPCA + 6,6232%",4.3421,3.962,3.9742,0.29,3.69,4.26,1210.092157,106.83,663.0,5%,VALE S/A,2020-08-15
IPCA SPREAD,VALE28,2017-10-20,2024-01-15,"IPCA + 6,57%",4.8183,4.389,4.4831,0.17,4.31,4.65,1451.891148,109.05,1111.0,--,VALE S/A,2022-08-15
IPCA SPREAD,VALE29,2017-10-20,2022-08-15,"IPCA + 6,6252%",4.8381,4.5028,4.6047,0.16,4.45,4.76,1227.985815,108.43,1069.0,--,VALE S/A,2022-08-15
IPCA SPREAD,VALE38,2017-10-20,2026-01-15,"IPCA + 6,71%",4.9436,4.4387,4.5724,0.19,4.39,4.76,1495.928141,112.24,1453.0,--,VALE S/A,2024-08-15
IPCA SPREAD,VALE48,2017-10-20,2029-01-15,"IPCA + 6,78%",5.1294,4.6746,4.7916,0.19,4.6,4.98,1508.18171,113.13,1678.0,--,VALE S/A,2026-08-15
DI PERCENTUAL,VIVT15,2017-10-20,2022-02-08,"108,25% do DI",105.0,104.5,104.758,0.02,104.74,104.77,10281.500472,100.98,816.0,--,TELEFÔNICA BRASIL S/A (*) (**),
DI SPREAD,VLID14,2017-10-20,2018-04-30,"DI + 0,71%",1.4666,,1.0202,0.05,0.97,1.07,2616.232496,99.85,123.0,--,VALID SOLUÇÕES E SERVIÇOS DE SEGURANÇA EM MEIOS DE PAGAMENTO E IDENTIFICAÇÃO S/A (*) (**),
DI PERCENTUAL,VLID16,2017-10-20,2019-06-23,"114,8% do DI",115.1132,113.6328,114.0827,0.28,113.81,114.36,1034.234919,100.08,386.0,--,VALID SOLUÇÕES E SERVIÇOS DE SEGURANÇA EM MEIOS DE PAGAMENTO E IDENTIFICAÇÃO S/A (*),
IPCA SPREAD,VLIM11,2017-10-20,2020-06-15,"IPCA + 6,8839%",4.7234,4.4988,4.3872,0.34,4.05,4.73,1233.581148,105.95,617.0,--,VLI MULTIMODAL S/A,2020-08-15
IPCA SPREAD,VLIO11,2017-10-20,2021-08-15,"IPCA + 6,0500%",4.7922,4.3165,4.4996,0.04,4.45,4.54,1095.735709,105.25,877.0,--,VLI OPERACOES PORTUARIAS S/A,2021-05-15
IPCA SPREAD,VNTT11,2017-10-20,2028-06-15,"IPCA + 9,2360%",6.0451,5.5492,5.805,0.1,5.7,5.91,1153.64211,117.94,1345.0,--,VENTOS DE SÃO TITO HOLDING S/A,2024-08-15
IPCA SPREAD,VOES16,2017-10-20,2021-11-15,"IPCA + 6,2959%",5.0604,4.3649,4.615,0.07,4.55,4.68,1139.898681,105.67,875.0,--,CONC. DE ROD. DO OESTE DE SP - VIAOESTE S/A (*),2021-05-15
IPCA SPREAD,VOES25,2017-10-20,2019-09-15,"IPCA + 5,67%",3.8113,3.1234,3.322,0.19,3.13,3.51,12743.688606,104.15,457.0,--,CONC. DE ROD. DO OESTE DE SP - VIAOESTE S/A,2019-05-15
